,Mutation Name,Mutation Site,Reversed Shortened Mutated Seq,Occurrence Count -1,First identified in:
0,,,,,
1,1.0,-3.0,"AAAGGTGAAGATATATACCTCCAATTCAGG  (requires further investigation, PAM sequence is off)",1.0,PTEN3-1_R1.fastq_input.txt
2,2.0,-3.0,"AAAGGTGAAGATATATTCCTCCAATTCAGG  (requires further investigation, PAM sequence is off)",120.0,PTEN3-1_R1.fastq_input.txt
3,3.0,-3.0,"TGAAGAGTTATCATTTTGTGTATATTTCTG  (requires further investigation, PAM sequence is off)",13.0,PTEN3-1_R1.fastq_input.txt
4,4.0,-3.0,"AAAGGAGAAGATATATTCCTCCAACTCAGG  (requires further investigation, PAM sequence is off)",0.0,PTEN3-1_R1.fastq_input.txt
5,2.0,-3.0,"AAAGGTGAAGATATATTCCTCCAATTCAGG  (requires further investigation, PAM sequence is off)",94.0,PTEN3-1_R1.fastq_input.txt
6,3.0,-3.0,"TGAAGAGTTATCATTTTGTGTATATTTCTG  (requires further investigation, PAM sequence is off)",1.0,PTEN3-1_R1.fastq_input.txt
7,5.0,-3.0,"AAAGGTGAAGATATATTCCTCAAATTCAGG  (requires further investigation, PAM sequence is off)",2.0,PTEN3-2_R1.fastq_input.txt
8,6.0,-3.0,"AAAGGTGAAAATATATTCCTCCAATTCAGG  (requires further investigation, PAM sequence is off)",1.0,PTEN3-2_R1.fastq_input.txt
9,7.0,-3.0,"AAGAAGTCCTTACATGGGTTGGGTAGAGTTCCCTCAGCCAAGACCAAGTCTCTGCTACCGTATGCGTAGTCGATCTCGTATGCCGTCTTCTGCTTGAAAAAAAAAAAATACATATTCCTCGACATGTATAGAACACTTTGACACATAAGACTCTACAATCCTGTACACTGCACGCACCCCACCCTAGCACTCTTATCACTTTACACTCACCTTATTCTTGAACTCTTCTCACTTATCCATCTCTAGTACC  (requires further investigation, PAM sequence is off)",0.0,PTEN3-2_R1.fastq_input.txt
10,2.0,-3.0,"AAAGGTGAAGATATATTCCTCCAATTCAGG  (requires further investigation, PAM sequence is off)",93.0,PTEN3-1_R1.fastq_input.txt
11,8.0,-3.0,"AAAGGTGAAGATGTATTCCTCCAATTCAGG  (requires further investigation, PAM sequence is off)",1.0,PTEN3-3_R1.fastq_input.txt
12,3.0,-3.0,"TGAAGAGTTATCATTTTGTGTATATTTCTG  (requires further investigation, PAM sequence is off)",2.0,PTEN3-1_R1.fastq_input.txt
13,9.0,-3.0,"TGAAGAGTTCTCATTTTGTGTATCTTTCTG  (requires further investigation, PAM sequence is off)",0.0,PTEN3-3_R1.fastq_input.txt
14,10.0,-3.0,"AAAGGTGAAGATATATCCCTCCAATTCAGG  (requires further investigation, PAM sequence is off)",0.0,PTEN3-3_R1.fastq_input.txt
15,11.0,-3.0,"AAGAAGTCCTTACATGGGTTGGGGAGGGCATAATGAAACACATCCCCCTGTTGGTCACGTTCCCTCAGCCAAGACCAAGTCTCTGCTACCGTATATGCGCTGCATCTCGTATGCCGTCTTCTGCTTGAAAAAAAAAATCCACCTTTTCCCATTCTATCTACTTACACCACTGTTACTCTCTCGTCTCTTACTTCATACCTTCCTTACCCATTCTCGTCTGTACCTCACTTACATACAGTCTGGTTTACCT  (requires further investigation, PAM sequence is off)",0.0,PTEN3-4_R1.fastq_input.txt
16,2.0,-3.0,"AAAGGTGAAGATATATTCCTCCAATTCAGG  (requires further investigation, PAM sequence is off)",94.0,PTEN3-1_R1.fastq_input.txt
17,12.0,-3.0,"AAAGGAGAAGATATATTCCTCCAATTCAGG  (requires further investigation, PAM sequence is off)",1.0,PTEN3-4_R1.fastq_input.txt
18,13.0,-3.0,"AAAGGTGAAGATATATTCCTACAATTCAGG  (requires further investigation, PAM sequence is off)",0.0,PTEN3-4_R1.fastq_input.txt
19,3.0,-3.0,"TGAAGAGTTATCATTTTGTGTATATTTCTG  (requires further investigation, PAM sequence is off)",1.0,PTEN3-1_R1.fastq_input.txt
20,2.0,-3.0,"AAAGGTGAAGATATATTCCTCCAATTCAGG  (requires further investigation, PAM sequence is off)",94.0,PTEN3-1_R1.fastq_input.txt
21,14.0,-3.0,"AAGAAGTCCTTACATGGGTTGGAAGCATTTGATGAGAGGGTTTGTGCCCGTATTGTTTCCATGCTGGAGCATCTGATGGTGGCACTGTGACTTCAGAAGTGCACACACTGAGAGTTCCCTCAGCCAAGACCAAGTCTCTGCTACCGTACACTATGTCGATCTCGTATGCCGTCTTCTGCTTGAAAAAAAAAAAAAATAAGCATTCGATAAGATAGATGAACAGCTACTGGTGCAATAGAGAGAACTTGTA  (requires further investigation, PAM sequence is off)",0.0,PTEN3-5_R1.fastq_input.txt
22,15.0,-3.0,"AAAGGTTACGATATATTCCTCCAATTCAGG  (requires further investigation, PAM sequence is off)",0.0,PTEN3-5_R1.fastq_input.txt
23,16.0,-3.0,"AAGAAGTCCTTACATGGGTTGGGATGGAGCCACGGAACCAGGATGGTGTTCCCTCAGCCAAGACCAAGTCTCTGCTACCGTACACTATGTCGATCTCGTATGCCGTCTTCTGCTTGAAAAAAAAAAATCATCTTCTTTTATTTTAGACACATACTGTCATTATATACATCAGTATCTCTCTCCCACTCACTCTTCACAACTCACCTATGGTCTCTCTCACCGACGACTACCTAACCTGACCAAGTATCTT  (requires further investigation, PAM sequence is off)",0.0,PTEN3-5_R1.fastq_input.txt
24,17.0,-3.0,"AAAGGTGAAGATATATTCTTCCAATTCAGG  (requires further investigation, PAM sequence is off)",6.0,PTEN3-5_R1.fastq_input.txt
25,18.0,-3.0,"AAAGGTGAGGATATATTCCTCCAATTCGGG  (requires further investigation, PAM sequence is off)",0.0,PTEN3-5_R1.fastq_input.txt
26,2.0,-3.0,"AAAGGTGAAGATATATTCCTCCAATTCAGG  (requires further investigation, PAM sequence is off)",97.0,PTEN3-1_R1.fastq_input.txt
27,17.0,-3.0,"AAAGGTGAAGATATATTCTTCCAATTCAGG  (requires further investigation, PAM sequence is off)",0.0,PTEN3-5_R1.fastq_input.txt
28,19.0,-3.0,"AAAGGTGAAGATATATTCCTCCATTCAAGA  (requires further investigation, PAM sequence is off)",0.0,PTEN3-6_R1.fastq_input.txt
29,2.0,-3.0,"AAAGGTGAAGATATATTCCTCCAATTCAGG  (requires further investigation, PAM sequence is off)",99.0,PTEN3-1_R1.fastq_input.txt
30,2.0,-3.0,"AAAGGTGAAGATATATTCCTCCAATTCAGG  (requires further investigation, PAM sequence is off)",92.0,PTEN3-1_R1.fastq_input.txt
31,20.0,-3.0,"AAAGGTGAATATATATTCCTCCAATTCAGG  (requires further investigation, PAM sequence is off)",0.0,PTEN3-8_R1.fastq_input.txt
32,21.0,-3.0,"AAAGGCGAAGATATATTCCTCCAATTCAGG  (requires further investigation, PAM sequence is off)",3.0,PTEN3-8_R1.fastq_input.txt
33,3.0,-3.0,"TGAAGAGTTATCATTTTGTGTATATTTCTG  (requires further investigation, PAM sequence is off)",0.0,PTEN3-1_R1.fastq_input.txt
34,22.0,-3.0,"AAAGGTGAAGATATATTCCTCCAATTCATG  (requires further investigation, PAM sequence is off)",0.0,PTEN3-8_R1.fastq_input.txt
35,23.0,-3.0,"AAGAAGTCCTTACATGGGTTGGAGGTAGGAGTGGGGAAGTAGGCTGAATAAGCCGTGATGAGCAAACCAGTAGGCAGGACTTCCCTGTGGCTTTTCCTGCCTTGAGATTCCTGCTTTGAGTTCCCTCAGCCAAGACCAAGTCTCTGCTACCGTATATCATGTGCATCTCGTATGCCGTCTTCTGCTTGAAAAAACAAAACACTCTGGCTGTATTCCTACCGTCCCAGCCCACTCTCTTGCTGATACGTCC  (requires further investigation, PAM sequence is off)",0.0,PTEN3-8_R1.fastq_input.txt
36,24.0,-3.0,"AAAGGTAAGGATATATTCTTCCATTTCAGA  (requires further investigation, PAM sequence is off)",0.0,PTEN3-8_R1.fastq_input.txt
37,17.0,-3.0,"AAAGGTGAAGATATATTCTTCCAATTCAGG  (requires further investigation, PAM sequence is off)",0.0,PTEN3-5_R1.fastq_input.txt
38,2.0,-3.0,"AAAGGTGAAGATATATTCCTCCAATTCAGG  (requires further investigation, PAM sequence is off)",95.0,PTEN3-1_R1.fastq_input.txt
39,25.0,-3.0,"AAAGGTGAAGATATGTTCCTCCAATTCAGG  (requires further investigation, PAM sequence is off)",0.0,PTEN3-9_R1.fastq_input.txt
40,3.0,-3.0,"TGAAGAGTTATCATTTTGTGTATATTTCTG  (requires further investigation, PAM sequence is off)",0.0,PTEN3-1_R1.fastq_input.txt
41,26.0,-3.0,"AAAGGTGAAGATATATTCCTCTAATTCAGG  (requires further investigation, PAM sequence is off)",1.0,PTEN3-9_R1.fastq_input.txt
42,27.0,-3.0,"AAAGGTGAAGATATATTCCTCCAATTCTGG  (requires further investigation, PAM sequence is off)",0.0,PTEN3-9_R1.fastq_input.txt
43,2.0,-3.0,"AAAGGTGAAGATATATTCCTCCAATTCAGG  (requires further investigation, PAM sequence is off)",97.0,PTEN3-1_R1.fastq_input.txt
44,28.0,-3.0,"AAAGGTGAAGATATATTCCTTCAATTCAGG  (requires further investigation, PAM sequence is off)",0.0,PTEN3-10_R1.fastq_input.txt
45,29.0,-3.0,"AAAGGTGAAGTTATATTCTTCCATTCCAGA  (requires further investigation, PAM sequence is off)",0.0,PTEN3-10_R1.fastq_input.txt
46,2.0,-3.0,"AAAGGTGAAGATATATTCCTCCAATTCAGG  (requires further investigation, PAM sequence is off)",96.0,PTEN3-1_R1.fastq_input.txt
47,17.0,-3.0,"AAAGGTGAAGATATATTCTTCCAATTCAGG  (requires further investigation, PAM sequence is off)",0.0,PTEN3-5_R1.fastq_input.txt
48,30.0,-3.0,"AAAGGTGAAGATATATTCCTCCACTTCAGG  (requires further investigation, PAM sequence is off)",1.0,PTEN3-11_R1.fastq_input.txt
49,3.0,-3.0,"TGAAGAGTTATCATTTTGTGTATATTTCTG  (requires further investigation, PAM sequence is off)",0.0,PTEN3-1_R1.fastq_input.txt
50,2.0,-3.0,"AAAGGTGAAGATATATTCCTCCAATTCAGG  (requires further investigation, PAM sequence is off)",95.0,PTEN3-1_R1.fastq_input.txt
51,3.0,-3.0,"TGAAGAGTTATCATTTTGTGTATATTTCTG  (requires further investigation, PAM sequence is off)",1.0,PTEN3-1_R1.fastq_input.txt
52,17.0,-3.0,"AAAGGTGAAGATATATTCTTCCAATTCAGG  (requires further investigation, PAM sequence is off)",0.0,PTEN3-5_R1.fastq_input.txt
53,6.0,-3.0,"AAAGGTGAAAATATATTCCTCCAATTCAGG  (requires further investigation, PAM sequence is off)",0.0,PTEN3-2_R1.fastq_input.txt
54,2.0,-3.0,"AAAGGTGAAGATATATTCCTCCAATTCAGG  (requires further investigation, PAM sequence is off)",96.0,PTEN3-1_R1.fastq_input.txt
55,31.0,-3.0,"AAAGGTAAAGATATATTCCTCCAATTCAGG  (requires further investigation, PAM sequence is off)",0.0,PTEN3-13_R1.fastq_input.txt
56,32.0,-3.0,"TGAAGAGTTATCATTTTGTGTATTTCTGTG  (requires further investigation, PAM sequence is off)",0.0,PTEN3-13_R1.fastq_input.txt
57,33.0,-3.0,"AAAGGTGCAGATATATTCCTCCAATTCAGG  (requires further investigation, PAM sequence is off)",0.0,PTEN3-13_R1.fastq_input.txt
58,21.0,-3.0,"AAAGGCGAAGATATATTCCTCCAATTCAGG  (requires further investigation, PAM sequence is off)",0.0,PTEN3-8_R1.fastq_input.txt
59,2.0,-3.0,"AAAGGTGAAGATATATTCCTCCAATTCAGG  (requires further investigation, PAM sequence is off)",94.0,PTEN3-1_R1.fastq_input.txt
60,3.0,-3.0,"TGAAGAGTTATCATTTTGTGTATATTTCTG  (requires further investigation, PAM sequence is off)",0.0,PTEN3-1_R1.fastq_input.txt
61,17.0,-3.0,"AAAGGTGAAGATATATTCTTCCAATTCAGG  (requires further investigation, PAM sequence is off)",0.0,PTEN3-5_R1.fastq_input.txt
62,34.0,-3.0,"AAGAAGTCCTTACATGGGTTGGGGATAGTTCTCTAGTTTGTTTCCTGCAGCTTTTGAGGGGGTGACAGGCAGTGCCCATGTGAGCAGATTGAGTTCCCTCAGCCAAGACCAAGTCTCTGCTACCGTACTGTGTCGTCATCTCGTATGCCGTCTTCTGCTTGAAAAAAAAAATAACCCCAAGGCATCTTTTTCATTTGTCTTGTCTTTCTTCCCGCTTGTTTTCGTTTTACCCTTCTCATATTTGATGTAT  (requires further investigation, PAM sequence is off)",0.0,PTEN3-14_R1.fastq_input.txt
63,35.0,-3.0,"AAGAAGTCCTTACATGGGTTGGACTCACACGAAGTGGGAGGAGGGGTGGTGAGCTGGGTGCCTGGGGCTCCTCAGTCCTGGGCTGTACTTTATAGGACTGCTTTCCAGTTCTTGGCTATGACAGGTGGACCCCTGCTGGCCAGTGGGACCTACCTGGTGAGGACTATTCCTATACGCCAAGCAATGGTTTCCTCGCTCAGCCAAGACCAAGTCTCTGCTACCGTACTGTGTCGTCATCTCGTATGCCGTC  (requires further investigation, PAM sequence is off)",0.0,PTEN3-14_R1.fastq_input.txt
64,2.0,-3.0,"AAAGGTGAAGATATATTCCTCCAATTCAGG  (requires further investigation, PAM sequence is off)",95.0,PTEN3-1_R1.fastq_input.txt
65,36.0,-3.0,"AAGAAGTCCTTACATGGGTTGGGAGAGATTCTTGTGCCAAGGATGATCTATTCGTCATCCTCAATCTGGGTTCCCTCAGCCAAGACCAAGTCTCTGCTACCGTAGTCTACTGTCATCTCGTATGCCGTCTTCTGCTTGAAAAAAAAAAATTCAAACATCAACCTTATTTATTCTATATTCTTAGTAAATCTATCATTCATCACCCATTCATCATATCCCTACCAACACTGGCTCTGCCTCGTGTCTGGTC  (requires further investigation, PAM sequence is off)",0.0,PTEN3-15_R1.fastq_input.txt
66,3.0,-3.0,"TGAAGAGTTATCATTTTGTGTATATTTCTG  (requires further investigation, PAM sequence is off)",0.0,PTEN3-1_R1.fastq_input.txt
67,5.0,-3.0,"AAAGGTGAAGATATATTCCTCAAATTCAGG  (requires further investigation, PAM sequence is off)",0.0,PTEN3-2_R1.fastq_input.txt
68,37.0,-3.0,"AAAGGTGAAGTTATATTCCTCCAATTCAGG  (requires further investigation, PAM sequence is off)",0.0,PTEN3-15_R1.fastq_input.txt
69,2.0,-3.0,"AAAGGTGAAGATATATTCCTCCAATTCAGG  (requires further investigation, PAM sequence is off)",96.0,PTEN3-1_R1.fastq_input.txt
70,17.0,-3.0,"AAAGGTGAAGATATATTCTTCCAATTCAGG  (requires further investigation, PAM sequence is off)",0.0,PTEN3-5_R1.fastq_input.txt
71,38.0,-3.0,"AAAGGTGAAGATATATTCCCCCAATTCAGG  (requires further investigation, PAM sequence is off)",0.0,PTEN3-16_R1.fastq_input.txt
72,39.0,-3.0,"AAAGGTGAAGATATATTCCTCCAATTCGGG  (requires further investigation, PAM sequence is off)",0.0,PTEN3-16_R1.fastq_input.txt
73,2.0,-3.0,"AAAGGTGAAGATATATTCCTCCAATTCAGG  (requires further investigation, PAM sequence is off)",95.0,PTEN3-1_R1.fastq_input.txt
74,3.0,-3.0,"TGAAGAGTTATCATTTTGTGTATATTTCTG  (requires further investigation, PAM sequence is off)",0.0,PTEN3-1_R1.fastq_input.txt
75,21.0,-3.0,"AAAGGCGAAGATATATTCCTCCAATTCAGG  (requires further investigation, PAM sequence is off)",1.0,PTEN3-8_R1.fastq_input.txt
76,40.0,-3.0,"AAGAAGTCCTTACATGGGTTGGGTGGGTGAGTTCCCTCAGCCAAGACCAAGTCTCTGCTACCGTATAGCGCGTAGATCTCGTATGCCGTCTTCTGCTTGAAAAAAAAAAATTCACTTCTTTCATGTCAGAGTATAAACCTCGTTAAACTACCGTCAGTTCATTTTGTACCATTTTGAATCGATTATAGTTACTGATTCCATCCTGTCCTCCGAAAACCGCTTTTTCATGTGCGCTCTGGTCGATCCTCCC  (requires further investigation, PAM sequence is off)",0.0,PTEN3-17_R1.fastq_input.txt
77,2.0,-3.0,"AAAGGTGAAGATATATTCCTCCAATTCAGG  (requires further investigation, PAM sequence is off)",94.0,PTEN3-1_R1.fastq_input.txt
78,3.0,-3.0,"TGAAGAGTTATCATTTTGTGTATATTTCTG  (requires further investigation, PAM sequence is off)",0.0,PTEN3-1_R1.fastq_input.txt
79,41.0,-3.0,"AAAGGTGAAGATATATTCCTCCAATTCAGA  (requires further investigation, PAM sequence is off)",0.0,PTEN3-18_R1.fastq_input.txt
80,42.0,-3.0,"AAAGGTGAAGATATATTCCTCCAACTCAGG  (requires further investigation, PAM sequence is off)",0.0,PTEN3-18_R1.fastq_input.txt
81,26.0,-3.0,"AAAGGTGAAGATATATTCCTCTAATTCAGG  (requires further investigation, PAM sequence is off)",0.0,PTEN3-9_R1.fastq_input.txt
82,43.0,-3.0,"TGAAGAGTTCTCATTTTGTGTATATTTCTG  (requires further investigation, PAM sequence is off)",0.0,PTEN3-18_R1.fastq_input.txt
83,2.0,-3.0,"AAAGGTGAAGATATATTCCTCCAATTCAGG  (requires further investigation, PAM sequence is off)",96.0,PTEN3-1_R1.fastq_input.txt
84,3.0,-3.0,"TGAAGAGTTATCATTTTGTGTATATTTCTG  (requires further investigation, PAM sequence is off)",0.0,PTEN3-1_R1.fastq_input.txt
85,30.0,-3.0,"AAAGGTGAAGATATATTCCTCCACTTCAGG  (requires further investigation, PAM sequence is off)",0.0,PTEN3-11_R1.fastq_input.txt
86,44.0,-3.0,"AAAGGTGAAGATATATTCCTCCGATTCAGG  (requires further investigation, PAM sequence is off)",0.0,PTEN3-19_R1.fastq_input.txt
87,2.0,-3.0,"AAAGGTGAAGATATATTCCTCCAATTCAGG  (requires further investigation, PAM sequence is off)",98.0,PTEN3-1_R1.fastq_input.txt
88,45.0,-3.0,"AAAGGTGAAGATATATTCCTCCAATTCAGT  (requires further investigation, PAM sequence is off)",0.0,PTEN3-20_R1.fastq_input.txt
89,2.0,-3.0,"AAAGGTGAAGATATATTCCTCCAATTCAGG  (requires further investigation, PAM sequence is off)",98.0,PTEN3-1_R1.fastq_input.txt
90,1.0,-3.0,"AAAGGTGAAGATATATACCTCCAATTCAGG  (requires further investigation, PAM sequence is off)",0.0,PTEN3-1_R1.fastq_input.txt
91,2.0,-3.0,"AAAGGTGAAGATATATTCCTCCAATTCAGG  (requires further investigation, PAM sequence is off)",95.0,PTEN3-1_R1.fastq_input.txt
92,46.0,-3.0,"AAAGGTGAAGATATATTCGTCCAATTCAGG  (requires further investigation, PAM sequence is off)",0.0,PTEN3-22_R1.fastq_input.txt
93,3.0,-3.0,"TGAAGAGTTATCATTTTGTGTATATTTCTG  (requires further investigation, PAM sequence is off)",0.0,PTEN3-1_R1.fastq_input.txt
94,47.0,-3.0,"AAAGGTCAAGATATATTCCTCCAATTCAGG  (requires further investigation, PAM sequence is off)",0.0,PTEN3-22_R1.fastq_input.txt
95,48.0,-3.0,"AAAGGTGAAGATATATTCCTCCAATTAAGG  (requires further investigation, PAM sequence is off)",0.0,PTEN3-22_R1.fastq_input.txt
96,2.0,-3.0,"AAAGGTGAAGATATATTCCTCCAATTCAGG  (requires further investigation, PAM sequence is off)",94.0,PTEN3-1_R1.fastq_input.txt
97,8.0,-3.0,"AAAGGTGAAGATGTATTCCTCCAATTCAGG  (requires further investigation, PAM sequence is off)",2.0,PTEN3-3_R1.fastq_input.txt
98,49.0,-3.0,"AAGAAGTCCTTACATGGGTTGGCATACTATGCATGTTCTTTTTGGCTTGAGTTCCCTCAGCCAAGACCAAGTCTCTGCTACCGTAGTCGTGTACTATCTCGTATGCCGCCTTCTGCTTGAAAAAAAAAATTCCCTACACACCGTGAACTCTCGCCTCAGCCCTCACAACCCTTTCATAATCCACGCACACTCATCACACTACCACAACTTTTCCCAACGTATTTATTTACTCTCTCCTCAATCGCAGCCC  (requires further investigation, PAM sequence is off)",0.0,PTEN3-23_R1.fastq_input.txt
99,50.0,-3.0,"AAAGGTGAAGATATATTCCTCCAATCCAGG  (requires further investigation, PAM sequence is off)",0.0,PTEN3-23_R1.fastq_input.txt
100,2.0,-3.0,"AAAGGTGAAGATATATTCCTCCAATTCAGG  (requires further investigation, PAM sequence is off)",98.0,PTEN3-1_R1.fastq_input.txt
101,12.0,-3.0,"AAAGGAGAAGATATATTCCTCCAATTCAGG  (requires further investigation, PAM sequence is off)",0.0,PTEN3-4_R1.fastq_input.txt
102,2.0,-3.0,"AAAGGTGAAGATATATTCCTCCAATTCAGG  (requires further investigation, PAM sequence is off)",97.0,PTEN3-1_R1.fastq_input.txt
103,5.0,-3.0,"AAAGGTGAAGATATATTCCTCAAATTCAGG  (requires further investigation, PAM sequence is off)",0.0,PTEN3-2_R1.fastq_input.txt
104,21.0,-3.0,"AAAGGCGAAGATATATTCCTCCAATTCAGG  (requires further investigation, PAM sequence is off)",0.0,PTEN3-8_R1.fastq_input.txt
